{
  "project_info": {
    "project_number": "561974032703",
    "firebase_url": "https://cleaning-1fb69-default-rtdb.firebaseio.com",
    "project_id": "cleaning-1fb69",
    "storage_bucket": "cleaning-1fb69.appspot.com"
  },
  "client": [
    {
      "client_info": {
        "mobilesdk_app_id": "1:561974032703:android:3c8f2fbefa773920b67b8a",
        "android_client_info": {
          "package_name": "com.example.android.employeesmanagementsoftware"
        }
      },
      "oauth_client": [
        {
          "client_id": "561974032703-998ahldk1j78ip6hbr5hpl4qp2ada437.apps.googleusercontent.com",
          "client_type": 3
        }
      ],
      "api_key": [
        {
          "current_key": "AIzaSyCsRTw1h4Qe0-RsjKrJ1f3WvqskOkjquD4"
        }
      ],
      "services": {
        "appinvite_service": {
          "other_platform_oauth_client": [
            {
              "client_id": "561974032703-998ahldk1j78ip6hbr5hpl4qp2ada437.apps.googleusercontent.com",
              "client_type": 3
            }
          ]
        }
      }
    }
  ],
  "configuration_version": "1"
}